序号,园区名称,省份,城市/区,占地面积(亩),企业数(家),详情,链接,中心,多个顶点
1,气象局小区,北京市,海淀区,0,1,详细 ,https://d.qianzhan.com//yuanqu/dtl/b8d528d942785397.html,"(116.330750,39.947801)"
2,中发智造中关村智能创造创新中心,北京市,海淀区,0,1076,详细 ,https://d.qianzhan.com//yuanqu/dtl/7fb71ff9d53122d4.html,"(116.318878,39.974984)"
3,中关村前沿技术创新中心,北京市,海淀区,0,165,详细 ,https://d.qianzhan.com//yuanqu/dtl/accd64f1ef871289.html,"(116.303666,39.985635)"
4,中央企业创新创业中心,北京市,海淀区,0,48,详细 ,https://d.qianzhan.com//yuanqu/dtl/44b1e95206052e2a.html,"(116.312728,39.981363)"
5,五矿国际创新中心,北京市,海淀区,0,0,详细 ,https://d.qianzhan.com//yuanqu/dtl/3e21f7e3dad37442.html,"(116.117484,40.085130)"
6,Plug and Play(中国总部),北京市,海淀区,0,49,详细 ,https://d.qianzhan.com//yuanqu/dtl/9dc7e42400138c05.html,"(116.335028,39.994875)"
7,容观国际创意广场,北京市,海淀区,0,0,详细 ,https://d.qianzhan.com//yuanqu/dtl/ee8b5ee5c7077bef.html,"(116.267749,39.941769)"
8,数字文化区,北京市,海淀区,0,2,详细 ,https://d.qianzhan.com//yuanqu/dtl/9e4eed5bec95dcd9.html,"(116.310144,39.975452)"
9,中国梦组委会中国故事创造基地,北京市,海淀区,0,13,详细 ,https://d.qianzhan.com//yuanqu/dtl/221f97838696c983.html,"(116.298870,39.925621)"
10,中国创业创新发展委员会新三板创业创新基地,北京市,海淀区,0,13,详细 ,https://d.qianzhan.com//yuanqu/dtl/011d3a78a60d3a79.html,"(116.298870,39.925621)"
11,apus全球移动孵化基地,北京市,海淀区,0,1,详细 ,https://d.qianzhan.com//yuanqu/dtl/ace581d9bca01bcc.html,"(116.235388,39.953186)"
12,科方创业孵化器,北京市,海淀区,0,7,详细 ,https://d.qianzhan.com//yuanqu/dtl/02fc340fee2c69bd.html,"(116.291291,40.042432)"
13,创客天下创新创业共享经济生态系统,北京市,海淀区,0,77,详细 ,https://d.qianzhan.com//yuanqu/dtl/ab5fec4efcb14d21.html,"(116.328242,40.053368)"
14,京蒙高科大厦,北京市,海淀区,0,94,详细 ,https://d.qianzhan.com//yuanqu/dtl/774ae7054df19b2c.html,"(116.304564,40.051551)"
15,教育部来华留学示范基地,北京市,海淀区,0,1,详细 ,https://d.qianzhan.com//yuanqu/dtl/e66fe39b1fb8da10.html,"(116.309170,39.936433)"
16,中科创新创业示范基地,北京市,海淀区,0,82,详细 ,https://d.qianzhan.com//yuanqu/dtl/45ff060ac7b058ec.html,"(116.328788,40.053928)"
17,凯龙高科岭,北京市,海淀区,0,24,详细 ,https://d.qianzhan.com//yuanqu/dtl/791c5957fa8fc540.html,"(116.291593,40.051517)"
18,北大生物城,北京市,海淀区,239,40,详细 ,https://d.qianzhan.com//yuanqu/dtl/e010b5f669219413.html,"(116.306657,40.032042)","(116.307921,40.032401)(116.308872,40.031341)(116.309765,40.030676)(116.308833,40.030465)(116.308965,40.029191)(116.308274,40.029182)(116.306296,40.029008)(116.306117,40.030886)(116.306056,40.031768)(116.304917,40.03161)(116.304666,40.03278)(116.304424,40.032851)(116.304085,40.032886)(116.304023,40.033164)(116.304046,40.033329)(116.304159,40.033343)(116.304213,40.033377)(116.303764,40.034441)(116.306741,40.035048)(116.307921,40.032401)"
19,四街一号院,北京市,海淀区,23,75,详细 ,https://d.qianzhan.com//yuanqu/dtl/19f0ffe2ce6744e0.html,"(116.311911,40.039634)","(116.310827,40.039681)(116.311281,40.038916)(116.312929,40.039484)(116.31298,40.039595)(116.3125,40.040344)(116.310827,40.039681)"
20,育英堂众创园,北京市,海淀区,0,485,详细 ,https://d.qianzhan.com//yuanqu/dtl/7df1282b262650e3.html,"(116.157894,40.047689)"
21,云基地+办公社区,北京市,海淀区,0,0,详细 ,https://d.qianzhan.com//yuanqu/dtl/8bd0db397a3d74cb.html,"(116.288704,40.037259)"
22,尚科办公社区,北京市,海淀区,0,8,详细 ,https://d.qianzhan.com//yuanqu/dtl/e131ac71a8d25c1e.html,"(116.287194,40.036958)"
23,金山北方种业九号基地园区,北京市,海淀区,0,1,详细 ,https://d.qianzhan.com//yuanqu/dtl/1c3d3069cc1dd7f9.html,"(116.343534,40.052273)"
24,联想园区,北京市,海淀区,0,0,详细 ,https://d.qianzhan.com//yuanqu/dtl/f5a28d69b978ab38.html,"(116.309479,40.043374)"
25,益园文化创意产业基地,北京市,海淀区,0,21,详细 ,https://d.qianzhan.com//yuanqu/dtl/05f1fe65a52f14a6.html,"(116.235477,39.952594)"
26,丰滢东路1号院,北京市,海淀区,328,0,详细 ,https://d.qianzhan.com//yuanqu/dtl/4986a5c35f9de5cf.html,"(116.249571,40.07046)","(116.247726,40.068093)(116.247431,40.068157)(116.247286,40.068269)(116.246467,40.069707)(116.245645,40.071188)(116.245787,40.071344)(116.245891,40.071381)(116.251342,40.073037)(116.251646,40.072933)(116.253385,40.069465)(116.253251,40.069262)(116.247726,40.068093)"
27,永丰基地,北京市,海淀区,0,0,详细 ,https://d.qianzhan.com//yuanqu/dtl/e654520446d4c373.html,"(116.242418,40.073964)"
28,中关村医学工程转化中心,北京市,海淀区,0,88,详细 ,https://d.qianzhan.com//yuanqu/dtl/b9f356b7d861cdc8.html,"(116.224043,40.073544)"
29,清大瑞博(北京)科技开发有限公司中试基地,北京市,海淀区,0,0,详细 ,https://d.qianzhan.com//yuanqu/dtl/9ca992808f091983.html,"(116.219134,39.984400)"
30,北外大学生创业中心,北京市,海淀区,0,1,详细 ,https://d.qianzhan.com//yuanqu/dtl/aa96ed432bfd0a92.html,"(116.313672,39.955131)"
31,永翔北路9号院,北京市,海淀区,300,0,详细 ,https://d.qianzhan.com//yuanqu/dtl/367e60147bd1105b.html,"(116.235437,40.080203)","(116.232759,40.079068)(116.232313,40.078932)(116.230636,40.078469)(116.23058,40.078463)(116.230546,40.078495)(116.229747,40.080109)(116.229739,40.08016)(116.229768,40.080222)(116.229838,40.080259)(116.23804,40.082192)(116.238435,40.082268)(116.238526,40.08226)(116.238609,40.082233)(116.238673,40.08218)(116.240111,40.079323)(116.240116,40.07927)(116.240079,40.079188)(116.240009,40.07913)(116.237214,40.078323)(116.237126,40.078336)(116.237069,40.078375)(116.236672,40.079201)(116.236262,40.080031)(116.235731,40.079891)(116.235069,40.079705)(116.233038,40.079142)(116.232759,40.079068)"
32,百度开发者创业中心,北京市,海淀区,0,670,详细 ,https://d.qianzhan.com//yuanqu/dtl/28ad1f7b14b47fef.html,"(116.234438,39.951687)"
33,制造中心,北京市,海淀区,0,4,详细 ,https://d.qianzhan.com//yuanqu/dtl/3533f2e93a491692.html,"(116.362299,40.059666)"
34,永丰科技企业加速器,北京市,海淀区,0,47,详细 ,https://d.qianzhan.com//yuanqu/dtl/d23f3a7a8e21943f.html,"(116.243851,40.082467)"
35,北京硅普芯片孵化基地,北京市,海淀区,0,113,详细 ,https://d.qianzhan.com//yuanqu/dtl/b71c9af0958e6ac8.html,"(116.377580,39.968801)"
36,中关村,北京市,海淀区,0,511,详细 ,https://d.qianzhan.com//yuanqu/dtl/17783423ab53e35a.html,"(116.314538,39.984805)"
37,星光大道创意工作室,北京市,海淀区,0,123,详细 ,https://d.qianzhan.com//yuanqu/dtl/361f263ada3cf774.html,"(116.335733,39.975629)"
38,中关村壹号,北京市,海淀区,340,4,详细 ,https://d.qianzhan.com//yuanqu/dtl/2136cb8d233da3ed.html,"(116.247935,40.07492)","(116.244611,40.076237)(116.245142,40.076631)(116.245496,40.076902)(116.246118,40.077205)(116.246617,40.077398)(116.247223,40.077542)(116.247931,40.07764)(116.24865,40.077649)(116.24924,40.077591)(116.249307,40.07754)(116.250144,40.075883)(116.251202,40.073741)(116.251395,40.073371)(116.251234,40.073207)(116.246749,40.07193)(116.246658,40.07207)(116.246213,40.072948)(116.244611,40.076237)"
39,生物育种北京市国际科技合作基地,北京市,海淀区,0,49,详细 ,https://d.qianzhan.com//yuanqu/dtl/d5bc9afc305ea5c5.html,"(116.367318,40.029799)"
40,农业生物技术北京市国际科技合作基地,北京市,海淀区,0,1,详细 ,https://d.qianzhan.com//yuanqu/dtl/f3f5646a342403c8.html,"(116.283814,40.025840)"
41,中关村玉渊潭科技商务区,北京市,海淀区,0,0,详细 ,https://d.qianzhan.com//yuanqu/dtl/9a8338d3c9a989c6.html,"(116.276176,39.921800)"
42,海淀・创业期科技型企业集中办公区,北京市,海淀区,0,273,详细 ,https://d.qianzhan.com//yuanqu/dtl/6564876b60c572ef.html,"(116.306286,39.973220)"
43,互联网创新中心,北京市,海淀区,0,0,详细 ,https://d.qianzhan.com//yuanqu/dtl/1306bafc9d106fc5.html,"(116.280068,40.047550)"
44,鸿运商务区,北京市,海淀区,0,0,详细 ,https://d.qianzhan.com//yuanqu/dtl/120b0ad4f806a7eb.html,"(116.341171,40.052044)"
45,众创集聚区,北京市,海淀区,0,3,详细 ,https://d.qianzhan.com//yuanqu/dtl/f5f168397348137c.html,"(116.236042,39.953444)"
46,军鹏汽车综合服务园区,北京市,海淀区,0,0,详细 ,https://d.qianzhan.com//yuanqu/dtl/33a56c05b5ed411d.html,"(116.217727,39.970433)"
47,东升・培黎科技教育园,北京市,海淀区,0,28,详细 ,https://d.qianzhan.com//yuanqu/dtl/ca93816a35c21b4f.html,"(116.345389,40.020694)"
48,玉泉慧谷,北京市,海淀区,126,303,详细 ,https://d.qianzhan.com//yuanqu/dtl/7d6056382da9d813.html,"(116.256909,39.975308)","(116.259097,39.97353)(116.257768,39.973476)(116.257728,39.974102)(116.257622,39.974102)(116.257617,39.974142)(116.257552,39.974134)(116.257548,39.974201)(116.256817,39.974202)(116.256751,39.974991)(116.256038,39.974978)(116.254387,39.97495)(116.254135,39.976317)(116.255657,39.976548)(116.257162,39.976771)(116.257237,39.976472)(116.257425,39.976503)(116.257496,39.976247)(116.257713,39.976173)(116.257891,39.976098)(116.257959,39.976033)(116.258148,39.975745)(116.258259,39.975784)(116.258951,39.97599)(116.259073,39.973799)(116.259097,39.97353)"
49,中关村东升科技园加速器分站,北京市,海淀区,0,0,详细 ,https://d.qianzhan.com//yuanqu/dtl/c6a3aeeaa9eb5d00.html,"(116.329429,40.051691)"
50,北软双新科创园,北京市,海淀区,11,68,详细 ,https://d.qianzhan.com//yuanqu/dtl/ad801862ad79874f.html,"(116.213455,39.969672)","(116.213033,39.970122)(116.214152,39.969937)(116.214003,39.969377)(116.213126,39.969272)(116.212801,39.969295)(116.213033,39.970122)"
51,紫光商务园・京香广场,北京市,海淀区,0,1,详细 ,https://d.qianzhan.com//yuanqu/dtl/5dbcd268a58d6447.html,"(116.213797,39.973429)"
52,中关村集成电路设计园,北京市,海淀区,0,0,详细 ,https://d.qianzhan.com//yuanqu/dtl/fb2f3d51ea878e1c.html,"(116.250637,40.074572)"
53,紫荆花孵化园,北京市,海淀区,0,447,详细 ,https://d.qianzhan.com//yuanqu/dtl/8b33102dfc31347c.html,"(116.295444,39.915028)"
54,斯凯兰德生态环保园,北京市,海淀区,0,0,详细 ,https://d.qianzhan.com//yuanqu/dtl/7273a7e03ec009ec.html,"(116.135145,40.116026)"
55,中关村生物医药园,北京市,海淀区,16,155,详细 ,https://d.qianzhan.com//yuanqu/dtl/e27b3f183b4d6a53.html,"(116.303547,40.043444)","(116.303084,40.042838)(116.304449,40.043335)(116.304033,40.044035)(116.302647,40.043575)(116.303084,40.042838)"
56,永丰航空材料园,北京市,海淀区,160,25,详细 ,https://d.qianzhan.com//yuanqu/dtl/df308aa0bc39265e.html,"(116.233907,40.073884)","(116.231627,40.076343)(116.233429,40.076877)(116.236144,40.071721)(116.236122,40.071508)(116.234256,40.070941)(116.231842,40.0759)(116.231627,40.076343)"
57,三九文创园,北京市,海淀区,0,3,详细 ,https://d.qianzhan.com//yuanqu/dtl/53fc1d0779a3dc53.html,"(116.343570,39.998215)"
58,四季汽车园,北京市,海淀区,0,0,详细 ,https://d.qianzhan.com//yuanqu/dtl/fb2100a40298a58c.html,"(116.240004,39.939981)"
59,泰禾文化园,北京市,海淀区,21,14,详细 ,https://d.qianzhan.com//yuanqu/dtl/ca1eb4c8f6180446.html,"(116.310044,40.049121)","(116.309086,40.049395)(116.310191,40.049881)(116.3106,40.049362)(116.310988,40.048844)(116.309912,40.048356)(116.309086,40.049395)"
60,海淀留学人员发展园,北京市,海淀区,0,110,详细 ,https://d.qianzhan.com//yuanqu/dtl/c33e8ce82d819b4a.html,"(116.308679,40.040281)"
61,北安河工业大院,北京市,海淀区,0,8,详细 ,https://d.qianzhan.com//yuanqu/dtl/c54758e5cc71c27d.html,"(116.122935,40.059634)"
62,中关村科技园区管理委员会(苏州街),北京市,海淀区,0,10,详细 ,https://d.qianzhan.com//yuanqu/dtl/29b545828583a2a2.html,"(116.306790,39.973600)"
63,中关村志达智慧家庭产业技术创新联盟,北京市,海淀区,0,10,详细 ,https://d.qianzhan.com//yuanqu/dtl/9a38f34a7129df44.html,"(116.234571,39.953300)"
64,中关村科技城生物产业创新基地,北京市,海淀区,0,17,详细 ,https://d.qianzhan.com//yuanqu/dtl/2427486156974333.html,"(116.256528,39.975377)"
65,中国创意产业联盟动画产业发展中心,北京市,海淀区,0,34,详细 ,https://d.qianzhan.com//yuanqu/dtl/f4c71fd2c6b43f9e.html,"(116.333865,40.027634)"
66,高效科技产业化促进中心,北京市,海淀区,0,83,详细 ,https://d.qianzhan.com//yuanqu/dtl/616199c36ac4507b.html,"(116.318906,39.971177)"
67,亿阳双新产业基地,北京市,海淀区,0,10,详细 ,https://d.qianzhan.com//yuanqu/dtl/e7f25e81cdbab8c1.html,"(116.222460,39.956190)"
68,龙兴德文化产业集团,北京市,海淀区,0,78,详细 ,https://d.qianzhan.com//yuanqu/dtl/c904316d355ec675.html,"(116.338039,39.970786)"
69,北科产业孵化楼,北京市,海淀区,0,85,详细 ,https://d.qianzhan.com//yuanqu/dtl/50e41e79aa15f11f.html,"(116.235378,40.077983)"
70,永丰产业基地站,北京市,海淀区,0,5,详细 ,https://d.qianzhan.com//yuanqu/dtl/f72a8eb3f164c6b1.html,"(116.252210,40.076520)"
71,WAPI产业联盟,北京市,海淀区,0,85,详细 ,https://d.qianzhan.com//yuanqu/dtl/2c74d8fbca15c4b8.html,"(116.344600,39.976900)"
72,天津中北总部经济产业园,北京市,海淀区,0,74,详细 ,https://d.qianzhan.com//yuanqu/dtl/ef317a067fd50477.html,"(116.337389,39.979061)"
73,尚东・数字谷,北京市,海淀区,38,74,详细 ,https://d.qianzhan.com//yuanqu/dtl/d864b138d9b0d343.html,"(116.289072,40.043515)","(116.287483,40.043691)(116.287598,40.043309)(116.287732,40.042834)(116.287751,40.042801)(116.28778,40.042779)(116.287817,40.042777)(116.288383,40.042905)(116.288951,40.043028)(116.289212,40.043077)(116.289476,40.043118)(116.290355,40.043268)(116.290656,40.043319)(116.290412,40.044237)(116.288931,40.043974)(116.288081,40.043808)(116.287483,40.043691)"
74,中关村云计算产业基地,北京市,海淀区,0,219,详细 ,https://d.qianzhan.com//yuanqu/dtl/f73afdb308cccbca.html,"(116.297561,40.048728)"
75,软件广场,北京市,海淀区,76,322,详细 ,https://d.qianzhan.com//yuanqu/dtl/acc960e0148e6f15.html,"(116.297841,40.048647)","(116.296329,40.049604)(116.298528,40.049978)(116.298839,40.049263)(116.299032,40.048709)(116.299403,40.048138)(116.299596,40.047826)(116.296989,40.047325)(116.296608,40.048598)(116.296329,40.049604)"
76,北京市海淀区文化创意产业集聚区,北京市,海淀区,0,6,详细 ,https://d.qianzhan.com//yuanqu/dtl/f32f0187b2aecabf.html,"(116.351910,40.008961)"
77,中关村北部产业聚集区,北京市,海淀区,0,1,详细 ,https://d.qianzhan.com//yuanqu/dtl/afe12bec6c75585d.html,"(116.186052,40.073393)"
78,中关村虚拟现实文化教育产业园,北京市,海淀区,0,310,详细 ,https://d.qianzhan.com//yuanqu/dtl/be3befd9e11c032b.html,"(116.313453,40.038602)"
79,锦绣大地物流港,北京市,海淀区,100,319,详细 ,https://d.qianzhan.com//yuanqu/dtl/66fe456a825313c6.html,"(116.229155,39.930753)","(116.227348,39.931711)(116.22759,39.929765)(116.227686,39.929691)(116.227778,39.929679)(116.228126,39.929634)(116.229358,39.929582)(116.230404,39.929576)(116.230615,39.929597)(116.230664,39.929679)(116.230851,39.931645)(116.230835,39.931691)(116.230833,39.931732)(116.230798,39.931748)(116.230787,39.931927)(116.230733,39.931937)(116.23064,39.931946)(116.22745,39.931742)(116.227348,39.931711)"
80,海淀物流基地义成物流园,北京市,海淀区,0,0,详细 ,https://d.qianzhan.com//yuanqu/dtl/fc70e74f12fca862.html,"(116.201391,40.124429)"
81,双利物流园,北京市,海淀区,11,0,详细 ,https://d.qianzhan.com//yuanqu/dtl/c133385f97ad4267.html,"(116.230682,40.039823)","(116.231212,40.040242)(116.230174,40.040182)(116.230151,40.03947)(116.231128,40.039386)(116.231212,40.040242)"
82,科学技术研究院现代制造技术产业园,北京市,海淀区,96,1193,详细 ,https://d.qianzhan.com//yuanqu/dtl/8d49355c77c6317e.html,"(116.234926,40.078641)","(116.237092,40.078253)(116.233673,40.077241)(116.23276,40.079059)(116.234282,40.079479)(116.235793,40.079902)(116.236233,40.080016)(116.236283,40.079907)(116.236739,40.078951)(116.237092,40.078253)"
83,中关村军民融合网络与信息安全产业园,北京市,海淀区,0,1,详细 ,https://d.qianzhan.com//yuanqu/dtl/97bc32de47256aed.html,"(116.255376,39.973970)"
84,易亨・环星科创园,北京市,海淀区,0,86,详细 ,https://d.qianzhan.com//yuanqu/dtl/4f87e5a29752fe31.html,"(116.378068,39.979420)"
85,上地・元中心,北京市,海淀区,92,0,详细 ,https://d.qianzhan.com//yuanqu/dtl/5495e0a204d31c64.html,"(116.316217,40.050043)","(116.314043,40.050127)(116.31724,40.051548)(116.318415,40.050041)(116.315228,40.048497)(116.314043,40.050127)"
86,中关村宽带技术产业创新园,北京市,海淀区,0,0,详细 ,https://d.qianzhan.com//yuanqu/dtl/9c2194664c6aa639.html,"(116.355884,39.980350)"
87,中关村永泰创新园,北京市,海淀区,0,7,详细 ,https://d.qianzhan.com//yuanqu/dtl/b564078d39cf2f29.html,"(116.362478,40.031174)"
88,新潜力企业创新园,北京市,海淀区,0,92,详细 ,https://d.qianzhan.com//yuanqu/dtl/e9ab06a6459d6af0.html,"(116.356589,40.032261)"
89,融科融智创新园,北京市,海淀区,0,0,详细 ,https://d.qianzhan.com//yuanqu/dtl/f4235c7ea125228c.html,"(116.304880,40.048851)"
90,北坞创新园,北京市,海淀区,147,58,详细 ,https://d.qianzhan.com//yuanqu/dtl/a1fa97a7ab2bea79.html,"(116.254766,39.980263)","(116.25685,39.979952)(116.257672,39.97899)(116.257769,39.978853)(116.2577,39.978791)(116.257056,39.978627)(116.256867,39.97912)(116.25682,39.979193)(116.256509,39.979138)(116.256081,39.97905)(116.256042,39.979044)(116.25556,39.978964)(116.253877,39.978718)(116.253436,39.978638)(116.253101,39.979747)(116.252784,39.980786)(116.252535,39.981605)(116.254973,39.982152)(116.25512,39.981983)(116.256035,39.980913)(116.25685,39.979952)"
91,中国科学院软件园区,北京市,海淀区,54,104,详细 ,https://d.qianzhan.com//yuanqu/dtl/d34da1daf82dc6fe.html,"(116.33597,39.980259)","(116.334628,39.981166)(116.334777,39.981202)(116.335734,39.981278)(116.335886,39.981281)(116.335913,39.981131)(116.336524,39.981175)(116.336553,39.980958)(116.336634,39.980665)(116.337155,39.980693)(116.337229,39.980381)(116.337263,39.979405)(116.335165,39.979307)(116.334913,39.980237)(116.334628,39.981166)"
92,中间艺术区,北京市,海淀区,0,1,详细 ,https://d.qianzhan.com//yuanqu/dtl/1833dc7ac0b78d5f.html,"(116.232106,39.953865)"
93,百得利创新园,北京市,海淀区,1,0,详细 ,https://d.qianzhan.com//yuanqu/dtl/3203f83f08a23661.html,"(116.274399,39.928582)","(116.274277,39.928711)(116.274266,39.928507)(116.27466,39.928484)(116.274657,39.928707)(116.274277,39.928711)"
94,联想全球总部,北京市,海淀区,0,0,详细 ,https://d.qianzhan.com//yuanqu/dtl/4578195800dbd053.html,"(116.271935,40.047086)"
95,中关村国家知识产权制度师范园区,北京市,海淀区,0,109,详细 ,https://d.qianzhan.com//yuanqu/dtl/a1e5556881efdbde.html,"(116.345825,39.977528)"
96,联想总部(北京)园区2期,北京市,海淀区,204,1,详细 ,https://d.qianzhan.com//yuanqu/dtl/882927911b538f17.html,"(116.273487,40.047305)","(116.270474,40.048235)(116.275935,40.049101)(116.276247,40.047532)(116.275517,40.046325)(116.27527,40.045569)(116.274095,40.04543)(116.273892,40.046095)(116.271011,40.045746)(116.270474,40.048235)"
97,远大园区,北京市,海淀区,0,4,详细 ,https://d.qianzhan.com//yuanqu/dtl/084480253f65482e.html,"(116.279197,39.954158)"
98,中国科学园区,北京市,海淀区,0,82,详细 ,https://d.qianzhan.com//yuanqu/dtl/33802db098feec29.html,"(116.335331,39.979527)"
99,国家软件出囗基地,北京市,海淀区,0,1,详细 ,https://d.qianzhan.com//yuanqu/dtl/93cccad1b9447605.html,"(116.297874,40.052096)"
100,北京市高新技术产业孵化基地,北京市,海淀区,0,52,详细 ,https://d.qianzhan.com//yuanqu/dtl/9a0567ba4d8eb797.html,"(116.296475,40.050313)"
101,北京国家新材料高新技术产业化基地,北京市,海淀区,0,0,详细 ,https://d.qianzhan.com//yuanqu/dtl/df465b5ae44c0cfb.html,"(116.242545,40.074344)"
102,华龙移动通信研发产业基地,北京市,海淀区,0,2,详细 ,https://d.qianzhan.com//yuanqu/dtl/4c36349d66917bc1.html,"(116.283020,40.046729)"
103,上地信息产业基地,北京市,海淀区,0,134,详细 ,https://d.qianzhan.com//yuanqu/dtl/58a5d18f7474f1d4.html,"(116.306750,40.041730)"
104,VR产业基地,北京市,海淀区,0,0,详细 ,https://d.qianzhan.com//yuanqu/dtl/e4483df61bae76c0.html,"(116.328845,40.051816)"
105,永丰高新技术产业基地,北京市,海淀区,0,0,详细 ,https://d.qianzhan.com//yuanqu/dtl/258b9284f0673558.html,"(116.237952,40.070242)"
106,软件出口服务中心,北京市,海淀区,0,0,详细 ,https://d.qianzhan.com//yuanqu/dtl/f3a73be2e61491ff.html,"(116.296585,40.045211)"
107,熊猫星厨软件园店,北京市,海淀区,0,2,详细 ,https://d.qianzhan.com//yuanqu/dtl/e0d8e922644c4be9.html,"(116.284126,40.050360)"
108,中天科软件园孵化加速器,北京市,海淀区,0,326,详细 ,https://d.qianzhan.com//yuanqu/dtl/6431a46d7e9b1e52.html,"(116.287651,40.046725)"
109,亿城中关村软件园项目,北京市,海淀区,0,0,详细 ,https://d.qianzhan.com//yuanqu/dtl/0985c73216eb771d.html,"(116.310136,40.035909)"
110,航天软件园,北京市,海淀区,21,10,详细 ,https://d.qianzhan.com//yuanqu/dtl/2cca58ceba61d293.html,"(116.242578,40.078416)","(116.241716,40.078813)(116.242215,40.077775)(116.242355,40.077688)(116.243438,40.078033)(116.242896,40.07915)(116.241716,40.078813)"
111,用友软件园(永腾南路),北京市,海淀区,0,343,详细 ,https://d.qianzhan.com//yuanqu/dtl/f5eba8e269497330.html,"(116.234858,40.068420)"
112,软件园北门,北京市,海淀区,0,0,详细 ,https://d.qianzhan.com//yuanqu/dtl/6f7dbb1effe5bd13.html,"(116.273718,40.049320)"
113,中关村软件园(软件园二号路),北京市,海淀区,0,8,详细 ,https://d.qianzhan.com//yuanqu/dtl/fba82e65acefc283.html,"(116.287385,40.043454)"
114,华军软件园,北京市,海淀区,0,38,详细 ,https://d.qianzhan.com//yuanqu/dtl/4edb30bc40297b7c.html,"(116.302306,40.053014)"
115,中关村软件园(软件园三号路),北京市,海淀区,"1,855",1865,详细 ,https://d.qianzhan.com//yuanqu/dtl/0fe6b7d64a36c164.html,"(116.292868,40.047683)","(116.286966,40.042195)(116.284953,40.051393)(116.285422,40.051488)(116.28564,40.051518)(116.286613,40.051642)(116.288312,40.051968)(116.289565,40.052263)(116.290827,40.052523)(116.291732,40.052717)(116.292302,40.052881)(116.292658,40.052984)(116.296782,40.053858)(116.29732,40.054019)(116.297421,40.054038)(116.297478,40.054035)(116.297692,40.05322)(116.297888,40.052409)(116.298186,40.051292)(116.298639,40.049896)(116.299108,40.048664)(116.299709,40.047695)(116.301699,40.044522)(116.300227,40.043844)(116.298701,40.043194)(116.296662,40.042268)(116.296426,40.042209)(116.296008,40.043586)(116.294855,40.043382)(116.289729,40.042471)(116.287022,40.041983)(116.286966,40.042195)"
116,爱儿美摄影创意园,北京市,海淀区,6,0,详细 ,https://d.qianzhan.com//yuanqu/dtl/5a6107cdea0ed10a.html,"(116.270215,39.933075)","(116.269747,39.933225)(116.26966,39.933161)(116.269809,39.932662)(116.270306,39.932781)(116.270224,39.933018)(116.271283,39.933308)(116.271236,39.933411)(116.270474,39.933197)(116.270411,39.933357)(116.269747,39.933225)"
117,益园,北京市,海淀区,0,8,详细 ,https://d.qianzhan.com//yuanqu/dtl/070c44243e8ce7b1.html,"(116.235246,39.953260)"
118,中关村国家自主创新示范区多媒体创意产业园,北京市,海淀区,0,207,详细 ,https://d.qianzhan.com//yuanqu/dtl/030d9d9958c5b570.html,"(116.292527,39.946619)"
119,京玺文化创意创新园,北京市,海淀区,67,28,详细 ,https://d.qianzhan.com//yuanqu/dtl/c9484e35cc7ca870.html,"(116.329633,40.052105)","(116.327801,40.052465)(116.327648,40.052692)(116.327968,40.052787)(116.327947,40.052815)(116.328039,40.052849)(116.328105,40.052744)(116.328255,40.052798)(116.328351,40.052671)(116.32845,40.052623)(116.329078,40.05282)(116.329272,40.052454)(116.32978,40.052623)(116.329826,40.052526)(116.33012,40.052603)(116.330444,40.052246)(116.330735,40.05198)(116.32933,40.051542)(116.329689,40.050923)(116.329749,40.050898)(116.329864,40.050948)(116.331081,40.051524)(116.331244,40.051344)(116.331575,40.050907)(116.331617,40.050848)(116.330426,40.050248)(116.329679,40.049899)(116.329598,40.049912)(116.329154,40.050484)(116.329232,40.050519)(116.329638,40.050732)(116.329555,40.050868)(116.329425,40.051176)(116.328853,40.050961)(116.328395,40.051516)(116.327855,40.052207)(116.327715,40.05239)(116.327725,40.052434)(116.327801,40.052465)"
120,汉蒙文化创意创新园,北京市,海淀区,0,54,详细 ,https://d.qianzhan.com//yuanqu/dtl/d1ace07d70ca4cb7.html,"(116.367552,40.040284)"
121,吴家村二通创意园,北京市,海淀区,0,21,详细 ,https://d.qianzhan.com//yuanqu/dtl/de1228f94cdb9841.html,"(116.296884,39.888711)"
122,外文文化创意园,北京市,海淀区,43,80,详细 ,https://d.qianzhan.com//yuanqu/dtl/4117f2b65d5e6165.html,"(116.321081,39.934336)","(116.320234,39.933636)(116.320224,39.93414)(116.319829,39.934142)(116.319846,39.935171)(116.320743,39.935174)(116.320749,39.934857)(116.322159,39.934868)(116.322343,39.934656)(116.322351,39.933634)(116.320234,39.933636)"
123,飞人工业区,北京市,海淀区,0,0,详细 ,https://d.qianzhan.com//yuanqu/dtl/760517939be03f90.html,"(116.243247,40.098737)"
124,北京市海淀西山工业园,北京市,海淀区,15,0,详细 ,https://d.qianzhan.com//yuanqu/dtl/046c081f3cf2cfb6.html,"(116.238354,39.954517)","(116.238594,39.953896)(116.238063,39.954255)(116.237593,39.954529)(116.237371,39.954613)(116.237393,39.95475)(116.237486,39.954874)(116.237754,39.954894)(116.239092,39.954933)(116.239095,39.954775)(116.239019,39.95473)(116.239011,39.954555)(116.238913,39.954552)(116.238948,39.9539)(116.238594,39.953896)"
125,西玉河工业园,北京市,海淀区,74,3,详细 ,https://d.qianzhan.com//yuanqu/dtl/ac6433fd1a200b0b.html,"(116.241547,40.091915)","(116.239224,40.091377)(116.239396,40.09102)(116.241139,40.091562)(116.242035,40.08981)(116.243494,40.09029)(116.243248,40.090745)(116.24387,40.09093)(116.242733,40.09258)(116.239224,40.091377)"
126,北京高校大学生创业园(软件园),北京市,海淀区,0,317,详细 ,https://d.qianzhan.com//yuanqu/dtl/c61d5121659c8419.html,"(116.287840,40.046191)"
127,中关村博雅海外人才创业园,北京市,海淀区,0,417,详细 ,https://d.qianzhan.com//yuanqu/dtl/14fe3b33d78df473.html,"(116.292826,39.947253)"
128,中关村国际孵化园(创业路),北京市,海淀区,0,55,详细 ,https://d.qianzhan.com//yuanqu/dtl/9936923313388ce6.html,"(116.305968,40.047144)"
129,上地国际科技创业园党建管理孵化平台,北京市,海淀区,0,644,详细 ,https://d.qianzhan.com//yuanqu/dtl/4fd530146ec5e28f.html,"(116.304311,40.046199)"
130,北交大留学生创业园,北京市,海淀区,0,358,详细 ,https://d.qianzhan.com//yuanqu/dtl/2ad8c6bfa9e194fd.html,"(116.340134,39.948692)"
131,易亨・苏州街创业园,北京市,海淀区,0,281,详细 ,https://d.qianzhan.com//yuanqu/dtl/150e952e5f04cc41.html,"(116.305070,39.973230)"
132,博亚信诚创业园,北京市,海淀区,0,1590,详细 ,https://d.qianzhan.com//yuanqu/dtl/b751535d7b6b9486.html,"(116.312494,40.035231)"
133,北大创业园,北京市,海淀区,0,1,详细 ,https://d.qianzhan.com//yuanqu/dtl/7b8a344d0ef8118a.html,"(116.299782,40.034477)"
134,国际科技创业园西区,北京市,海淀区,38,2254,详细 ,https://d.qianzhan.com//yuanqu/dtl/7c60b6bc55ca6f27.html,"(116.303781,40.046168)","(116.304514,40.045466)(116.303503,40.045098)(116.30258,40.046661)(116.303104,40.04684)(116.304171,40.047189)(116.304554,40.046507)(116.304808,40.046034)(116.304728,40.045709)(116.304675,40.045633)(116.304514,40.045466)"
135,北京高校大学生创业园理工园,北京市,海淀区,0,0,详细 ,https://d.qianzhan.com//yuanqu/dtl/26e20a7c17709622.html,"(116.310712,39.960908)"
136,上地国际创业园,北京市,海淀区,0,1981,详细 ,https://d.qianzhan.com//yuanqu/dtl/65fb7e51956bc36f.html,"(116.303779,40.046165)"
137,中国农大国际创业园,北京市,海淀区,0,330,详细 ,https://d.qianzhan.com//yuanqu/dtl/6d1755229d5c3c95.html,"(116.277247,40.020642)"
138,北京交大留学人员创业园,北京市,海淀区,0,245,详细 ,https://d.qianzhan.com//yuanqu/dtl/fa7fb4203f79df09.html,"(116.346433,39.945920)"
139,北京市留学人员海淀创业园,北京市,海淀区,24,526,详细 ,https://d.qianzhan.com//yuanqu/dtl/fbbd5b605ed1ab62.html,"(116.312951,40.038276)","(116.311777,40.038379)(116.312436,40.037577)(116.31413,40.038184)(116.313467,40.038968)(116.311777,40.038379)"
140,光华创业园,北京市,海淀区,0,166,详细 ,https://d.qianzhan.com//yuanqu/dtl/db692c90485bd953.html,"(116.332596,40.044230)"
141,金鑫创业园(二部),北京市,海淀区,0,0,详细 ,https://d.qianzhan.com//yuanqu/dtl/2e50046e9847b7c1.html,"(116.119950,40.102270)"
142,北京青年创业园京仪园,北京市,海淀区,0,378,详细 ,https://d.qianzhan.com//yuanqu/dtl/e447045c1e798ade.html,"(116.337300,39.971050)"
143,清华科技园玉泉慧谷,北京市,海淀区,0,79,详细 ,https://d.qianzhan.com//yuanqu/dtl/698171f65d4224f0.html,"(116.256987,39.974993)"
144,中国环保科技示范园,北京市,海淀区,0,0,详细 ,https://d.qianzhan.com//yuanqu/dtl/9c0d0a30727e552f.html,"(116.185326,40.056095)"
145,中国政法大学科技园(后屯路),北京市,海淀区,0,668,详细 ,https://d.qianzhan.com//yuanqu/dtl/61b8813f80329b74.html,"(116.354378,40.041808)"
146,清华科技园大学生创业基地,北京市,海淀区,0,43,详细 ,https://d.qianzhan.com//yuanqu/dtl/e276042408bbf1ec.html,"(116.256535,39.976134)"
147,启迪科技园紫成创业园B区,北京市,海淀区,0,88,详细 ,https://d.qianzhan.com//yuanqu/dtl/b2a331b7a1285a8a.html,"(116.295729,40.029028)"
148,中关村东升科技园・学院园,北京市,海淀区,0,0,详细 ,https://d.qianzhan.com//yuanqu/dtl/c7439f4caff993b8.html,"(116.352978,40.009170)"
149,海淀组培室农业科技园,北京市,海淀区,0,0,详细 ,https://d.qianzhan.com//yuanqu/dtl/7754902ca0e26260.html,"(116.191157,40.113584)"
150,北新科技园,北京市,海淀区,0,26,详细 ,https://d.qianzhan.com//yuanqu/dtl/a13f710805f986d4.html,"(116.351488,40.061424)"
151,群英科技园,北京市,海淀区,43,651,详细 ,https://d.qianzhan.com//yuanqu/dtl/b3f865492b86314d.html,"(116.311151,40.040791)","(116.312496,40.040362)(116.310822,40.039692)(116.309932,40.041215)(116.309902,40.041308)(116.309958,40.041359)(116.311332,40.041832)(116.311386,40.041833)(116.311446,40.041792)(116.312496,40.040362)"
152,中黎科技园,北京市,海淀区,19,1051,详细 ,https://d.qianzhan.com//yuanqu/dtl/c7a8cd45598e2192.html,"(116.313575,40.037565)","(116.314155,40.038185)(116.312438,40.037573)(116.312814,40.037105)(116.312916,40.037043)(116.31305,40.037043)(116.313452,40.037125)(116.314557,40.037429)(116.314633,40.037475)(116.314616,40.037553)(116.314155,40.038185)"
153,实创科技园,北京市,海淀区,0,49,详细 ,https://d.qianzhan.com//yuanqu/dtl/9adfa235115f20af.html,"(116.311941,40.039645)"
151,群英科技园,北京市,海淀区,43,651,详细 ,https://d.qianzhan.com//yuanqu/dtl/b3f865492b86314d.html,"(116.311151,40.040791)","(116.312496,40.040362)(116.310822,40.039692)(116.309932,40.041215)(116.309902,40.041308)(116.309958,40.041359)(116.311332,40.041832)(116.311386,40.041833)(116.311446,40.041792)(116.312496,40.040362)"
152,中黎科技园,北京市,海淀区,19,1051,详细 ,https://d.qianzhan.com//yuanqu/dtl/c7a8cd45598e2192.html,"(116.313575,40.037565)","(116.314155,40.038185)(116.312438,40.037573)(116.312814,40.037105)(116.312916,40.037043)(116.31305,40.037043)(116.313452,40.037125)(116.314557,40.037429)(116.314633,40.037475)(116.314616,40.037553)(116.314155,40.038185)"
153,实创科技园,北京市,海淀区,0,49,详细 ,https://d.qianzhan.com//yuanqu/dtl/9adfa235115f20af.html,"(116.311941,40.039645)"
154,中关村航空科技园,北京市,海淀区,0,0,详细 ,https://d.qianzhan.com//yuanqu/dtl/3b2944c8342bf604.html,"(116.329530,39.969471)"
155,中财科技园,北京市,海淀区,0,13,详细 ,https://d.qianzhan.com//yuanqu/dtl/a059012f68ca7aa4.html,"(116.323472,39.961522)"
156,北京十大国家大学科技园,北京市,海淀区,0,1,详细 ,https://d.qianzhan.com//yuanqu/dtl/a808a85493958289.html,"(116.362342,39.956342)"
157,国际摄影文化科技园,北京市,海淀区,0,45,详细 ,https://d.qianzhan.com//yuanqu/dtl/95ac08374496dae2.html,"(116.275935,39.920820)"
158,化大科技园,北京市,海淀区,0,84,详细 ,https://d.qianzhan.com//yuanqu/dtl/060aa21578b5df0a.html,"(116.303256,39.942533)"
159,中关村民营科技创业园,北京市,海淀区,0,401,详细 ,https://d.qianzhan.com//yuanqu/dtl/65c3d8391bca81bf.html,"(116.315348,40.020205)"
160,三元农业科技园,北京市,海淀区,337,0,详细 ,https://d.qianzhan.com//yuanqu/dtl/60bff62face1304d.html,"(116.21942,40.085353)","(116.216812,40.08742)(116.217391,40.082084)(116.220149,40.082331)(116.221908,40.085754)(116.223078,40.088052)(116.21929,40.087649)(116.219237,40.087809)(116.21679,40.087514)(116.216812,40.08742)"
161,海淀区文化科技园区,北京市,海淀区,0,0,详细 ,https://d.qianzhan.com//yuanqu/dtl/fcea03b32089aebe.html,"(116.350487,40.009042)"
162,标厂科技园,北京市,海淀区,0,449,详细 ,https://d.qianzhan.com//yuanqu/dtl/e496e815f06580f2.html,"(116.312406,40.038281)"
163,京城尚德文创科技园,北京市,海淀区,0,0,详细 ,https://d.qianzhan.com//yuanqu/dtl/578a678ac46f8fc6.html,"(116.370511,40.057486)"
164,中关村环保科技示范园(夏雪路),北京市,海淀区,"4,918",2265,详细 ,https://d.qianzhan.com//yuanqu/dtl/d0018d3cbf18e3d2.html,"(116.175639,40.060318)","(116.16206,40.068106)(116.163422,40.06811)(116.163621,40.068131)(116.165021,40.068143)(116.167226,40.068168)(116.168905,40.06816)(116.173432,40.068197)(116.177885,40.068151)(116.185888,40.068131)(116.186146,40.068045)(116.186199,40.067909)(116.186264,40.065869)(116.186301,40.064379)(116.186323,40.062392)(116.186419,40.060675)(116.186495,40.059144)(116.186537,40.057715)(116.186548,40.056048)(116.186521,40.054016)(116.186505,40.052488)(116.186505,40.050517)(116.186495,40.049667)(116.186312,40.049585)(116.180411,40.051092)(116.174843,40.052431)(116.167456,40.054397)(116.165257,40.05503)(116.165096,40.055383)(116.164345,40.057773)(116.164412,40.057955)(116.164192,40.058781)(116.163846,40.060187)(116.1635,40.061478)(116.163275,40.062412)(116.162891,40.063921)(116.162599,40.065097)(116.162247,40.066382)(116.161976,40.067636)(116.161896,40.067936)(116.161939,40.068032)(116.16206,40.068106)"
165,北京市大学科技园(高梁桥斜街),北京市,海淀区,0,245,详细 ,https://d.qianzhan.com//yuanqu/dtl/9613346dd531c894.html,"(116.346429,39.945920)"
166,中关村科技园,北京市,海淀区,0,7,详细 ,https://d.qianzhan.com//yuanqu/dtl/ffd0ab2b13bf550a.html,"(116.303724,40.053409)"
167,华光科技园北京总部,北京市,海淀区,0,0,详细 ,https://d.qianzhan.com//yuanqu/dtl/86ed42d4ca2ed7a6.html,"(116.256648,39.979773)"
168,百度科技园,北京市,海淀区,144,11,详细 ,https://d.qianzhan.com//yuanqu/dtl/eeaf58f1f033d938.html,"(116.273399,40.043429)","(116.275319,40.044993)(116.275807,40.044244)(116.275996,40.044096)(116.274363,40.042515)(116.274472,40.042006)(116.271813,40.041596)(116.271615,40.042548)(116.271519,40.043481)(116.271412,40.04382)(116.271349,40.044285)(116.271413,40.044527)(116.274267,40.044843)(116.275319,40.044993)"
169,北京海峰二色农业科技园,北京市,海淀区,0,0,详细 ,https://d.qianzhan.com//yuanqu/dtl/fc35f950bc7bf6b3.html,"(116.177433,40.080794)"
170,北外-科技园,北京市,海淀区,0,66,详细 ,https://d.qianzhan.com//yuanqu/dtl/dfafbf2e7312247e.html,"(116.308720,39.955037)"
171,上地科技园,北京市,海淀区,0,9,详细 ,https://d.qianzhan.com//yuanqu/dtl/c86d7343fce144f2.html,"(116.295351,40.044619)"
172,北京师大科技园,北京市,海淀区,0,30,详细 ,https://d.qianzhan.com//yuanqu/dtl/898bf6a1fbf9c6b3.html,"(116.303812,39.974641)"
173,紫光科技园北京总部,北京市,海淀区,0,13,详细 ,https://d.qianzhan.com//yuanqu/dtl/7f95ed4162ca0342.html,"(116.254766,39.980264)"
174,小米移动互联网产业园(建设中),北京市,海淀区,120,0,详细 ,https://d.qianzhan.com//yuanqu/dtl/7bca757fbd3b08cb.html,"(116.31729,40.047778)","(116.317093,40.046163)(116.317838,40.046633)(116.318601,40.047174)(116.319298,40.047716)(116.319379,40.047929)(116.318845,40.049337)(116.318744,40.049577)(116.318662,40.049728)(116.317816,40.049359)(116.317736,40.049273)(116.317792,40.049177)(116.317714,40.049138)(116.317762,40.04907)(116.316053,40.048276)(116.315701,40.04841)(116.315133,40.048171)(116.315449,40.047699)(116.314682,40.047276)(116.316061,40.046525)(116.316876,40.046094)(116.317093,40.046163)"
175,中关村互联网文化创意产业园,北京市,海淀区,18,20,详细 ,https://d.qianzhan.com//yuanqu/dtl/3d2988fbfa5902fe.html,"(116.279018,39.931742)","(116.2782,39.932084)(116.27822,39.932424)(116.278746,39.93246)(116.278699,39.931932)(116.279986,39.931932)(116.279978,39.931304)(116.278649,39.931295)(116.278468,39.9313)(116.278447,39.931704)(116.278133,39.931697)(116.278116,39.931836)(116.278211,39.931838)(116.2782,39.932084)"
176,屯佃工业园,北京市,海淀区,117,14,详细 ,https://d.qianzhan.com//yuanqu/dtl/5dfa5ba8cba4095f.html,"(116.217980,40.067032)","(116.215971,40.067783)(116.216102,40.067401)(116.216175,40.067219)(116.216303,40.066898)(116.216423,40.066598)(116.216571,40.066241)(116.216925,40.065442)(116.21641,40.065327)(116.216536,40.064884)(116.216684,40.064455)(116.216595,40.06443)(116.216745,40.063993)(116.216954,40.064048)(116.217005,40.063909)(116.21714,40.063919)(116.217161,40.063878)(116.21763,40.06395)(116.217732,40.06363)(116.21807,40.063646)(116.218778,40.063683)(116.218596,40.064804)(116.218768,40.064822)(116.218744,40.06535)(116.218693,40.066101)(116.218625,40.06668)(116.218585,40.067337)(116.218564,40.06754)(116.218317,40.067511)(116.218212,40.067528)(116.218186,40.067575)(116.218143,40.067778)(116.215971,40.067783)"
177,中关村数字电视产业园,北京市,海淀区,0,16,详细 ,https://d.qianzhan.com//yuanqu/dtl/02de7fd5c930c4bb.html,"(116.369513,39.978916)"
178,西小口绿色文化产业园,北京市,海淀区,0,0,详细 ,https://d.qianzhan.com//yuanqu/dtl/42dd4d5252e42033.html,"(116.365913,40.049564)"
179,新华1949百花文化产业园,北京市,海淀区,9,30,详细 ,https://d.qianzhan.com//yuanqu/dtl/4002f7068315712b.html,"(116.30067,39.928799)","(116.300094,39.929087)(116.300104,39.928523)(116.301232,39.928506)(116.301249,39.929074)(116.300094,39.929087)"
180,中科产业园,北京市,海淀区,0,298,详细 ,https://d.qianzhan.com//yuanqu/dtl/87008f2dc5185ca4.html,"(116.239360,40.073405)"
181,中关村多媒体创意产业园,北京市,海淀区,0,0,详细 ,https://d.qianzhan.com//yuanqu/dtl/36471fc1a2e036dd.html,"(116.255303,39.981262)"
182,激光显示产业园,北京市,海淀区,85,225,详细 ,https://d.qianzhan.com//yuanqu/dtl/297cc9d284948b89.html,"(116.241952,40.082337)","(116.244136,40.082027)(116.242934,40.081715)(116.240505,40.081138)(116.23984,40.082481)(116.239756,40.082658)(116.239928,40.082696)(116.242115,40.08323)(116.243407,40.083542)(116.244136,40.082027)"
183,坦博文化产业园,北京市,海淀区,0,0,详细 ,https://d.qianzhan.com//yuanqu/dtl/bf077d49098fecdd.html,"(116.252942,39.946894)"
184,首佳利华生命健康产业园,北京市,海淀区,17,5,详细 ,https://d.qianzhan.com//yuanqu/dtl/6a97bdf1a65ed4ea.html,"(116.368227,40.030081)","(116.367203,40.030248)(116.367388,40.029591)(116.369254,40.029936)(116.369107,40.030554)(116.367203,40.030248)"
185,北京二商食品电子商务产业园,北京市,海淀区,0,5,详细 ,https://d.qianzhan.com//yuanqu/dtl/f5faf080ece59b70.html,"(116.344670,39.962145)"
186,北京亿清佳华产业园,北京市,海淀区,15,0,详细 ,https://d.qianzhan.com//yuanqu/dtl/237d679efe77d911.html,"(116.141479,40.085617)","(116.141586,40.08516)(116.140338,40.085092)(116.140223,40.085922)(116.140321,40.08593)(116.140325,40.085871)(116.141186,40.085945)(116.141146,40.08616)(116.141379,40.086186)(116.141386,40.086125)(116.141489,40.086127)(116.141586,40.08516)"
187,中关村军民融合产业园,北京市,海淀区,93,148,详细 ,https://d.qianzhan.com//yuanqu/dtl/98fb8724a4ffe52a.html,"(116.278179,39.950859)","(116.276677,39.951821)(116.276709,39.949724)(116.279713,39.94979)(116.279584,39.951023)(116.280529,39.951114)(116.278748,39.952019)"
188,互联网金融产业园,北京市,海淀区,33,95,详细 ,https://d.qianzhan.com//yuanqu/dtl/179f0723c0a81269.html,"(116.268142,39.956958)","(116.268217,39.958414)(116.269783,39.958389)(116.26973,39.956942)(116.268142,39.956958)"
189,航天城,北京市,海淀区,"1,502",27,详细 ,https://d.qianzhan.com//yuanqu/dtl/d279fdddbf8e5758.html,"(116.273809,40.076245)","(116.269425,40.076444)(116.279993,40.079876)(116.284531,40.071371)(116.273566,40.068054)"
190,中关村768创意产业园,北京市,海淀区,80,172,详细 ,https://d.qianzhan.com//yuanqu/dtl/fd32bb294df80853.html,"(116.349181,40.009822)","(116.349356,40.01048)(116.349361,40.008393)(116.351416,40.008438)(116.351426,40.008892)(116.352239,40.008902)(116.352164,40.010574)"
191,智谷中心,北京市,海淀区,171,56,详细 ,https://d.qianzhan.com//yuanqu/dtl/d314dd8e8085b5c4.html,"(116.178739,40.074162)","(116.177897,40.072746)(116.182146,40.072931)(116.182087,40.074101)(116.180949,40.074051)(116.180284,40.076013)(116.176111,40.074831)"
192,中关村东升科技园,北京市,海淀区,102,61,详细 ,https://d.qianzhan.com//yuanqu/dtl/687a3e0b93b77061.html,"(116.355493,40.046245)","(116.354436,40.04877)(116.356496,40.049025)(116.35766,40.045489)(116.355976,40.045119)"
193,清河顺事嘉业创业园,北京市,海淀区,32,51,详细 ,https://d.qianzhan.com//yuanqu/dtl/658dfd928ccd67f1.html,"(116.333442,40.026947)","(116.333056,40.02783)(116.334504,40.027896)(116.334837,40.027415)(116.334944,40.026869)(116.334891,40.02668)(116.334247,40.026635)(116.334338,40.026228)(116.333705,40.026113)(116.333593,40.026651)(116.333163,40.027243)"
194,中央新闻纪录电影制片厂,北京市,海淀区,71,58,详细 ,https://d.qianzhan.com//yuanqu/dtl/93d364647521be25.html,"(116.367739,39.969156)","(116.365755,39.969982)(116.366576,39.969969)(116.367284,39.969986)(116.367251,39.970701)(116.368019,39.970656)(116.368045,39.968041)(116.365755,39.968025)"
195,北京电影制片厂,北京市,海淀区,195,86,详细 ,https://d.qianzhan.com//yuanqu/dtl/a42daedb59a7c517.html,"(116.357542,39.969814)","(116.358073,39.973193)(116.360541,39.973185)(116.360487,39.968408)(116.358593,39.968424)(116.358534,39.968868)(116.358089,39.968856)(116.358084,39.969333)(116.357285,39.969333)(116.357287,39.969538)(116.356924,39.969534)(116.356888,39.971224)(116.357977,39.971244)"
196,八达工业园,北京市,海淀区,54,25,详细 ,https://d.qianzhan.com//yuanqu/dtl/8547b60a43057f62.html,"(116.35431,40.044864)","(116.352382,40.045411)(116.355407,40.04592)(116.355869,40.044852)(116.35294,40.044154)"
197,梅地亚中心,北京市,海淀区,23,92,详细 ,https://d.qianzhan.com//yuanqu/dtl/b9768afa49b81a03.html,"(116.321593,39.910193)","(116.319507,39.911066)(116.320929,39.911066)(116.320934,39.909885)(116.319813,39.909893)(116.319475,39.910367)"
198,中央电视台（复兴路）,北京市,海淀区,116,5,详细 ,https://d.qianzhan.com//yuanqu/dtl/d84e6c45e677ddaf.html,"(116.320472,39.910152)","(116.316824,39.909857)(116.31985,39.909837)(116.320917,39.909808)(116.320912,39.90796)(116.319898,39.90796)(116.319898,39.907804)(116.316851,39.9078)"
199,恩济西园产业园,北京市,海淀区,115,316,详细 ,https://d.qianzhan.com//yuanqu/dtl/b5da2f4bb86d9099.html,"(116.281341,39.931677)","(116.282977,39.932347)(116.283004,39.931076)(116.282049,39.931109)(116.282043,39.930352)(116.278948,39.93062)(116.27898,39.931286)(116.278031,39.931265)(116.277924,39.932388)"
200,百得利汽车园,北京市,海淀区,103,55,详细 ,https://d.qianzhan.com//yuanqu/dtl/58710ee2023b5d45.html,"(116.274102,39.92989)","(116.271468,39.931498)(116.274553,39.932194)(116.274746,39.92882)(116.274166,39.928779)(116.274134,39.92915)(116.273072,39.929191)(116.272632,39.930046)(116.271087,39.931075)"
201,航天信息园,北京市,海淀区,67,15,详细 ,https://d.qianzhan.com//yuanqu/dtl/ab751a2256f87c08.html,"(116.258293,39.945721)","(116.25707,39.946725)(116.259806,39.946614)(116.25972,39.944928)(116.257091,39.944907)"
202,四季阳光科技园,北京市,海淀区,36,42,详细 ,https://d.qianzhan.com//yuanqu/dtl/cf9c6193337aabae.html,"(116.234223,39.944397)","(116.232372,39.945347)(116.23426,39.945236)(116.234341,39.945487)(116.23492,39.945475)(116.234834,39.944311)(116.232324,39.94436)"
203,西杉创意园一区,北京市,海淀区,65,61,详细 ,https://d.qianzhan.com//yuanqu/dtl/33b12de144e6815a.html,"(116.232678,39.954185)","(116.229066,39.954349)(116.233733,39.954357)(116.233824,39.953391)(116.229023,39.953395)"
204,益园文创基地,北京市,海淀区,175,817,详细 ,https://d.qianzhan.com//yuanqu/dtl/a44e5a9f57c03a4b.html,"(116.237542,39.952034)","(116.234049,39.954846)(116.236195,39.95469)(116.236984,39.954365)(116.236667,39.954102)(116.237381,39.952326)(116.23641,39.952231)(116.236415,39.95161)(116.237231,39.951606)(116.237113,39.950463)(116.234033,39.950574)(116.234001,39.953917)"
205,西山嬴府国际商务中心,北京市,海淀区,193,84,详细 ,https://d.qianzhan.com//yuanqu/dtl/8c8f4d353e63c319.html,"(116.220172,39.956372)","(116.219163,39.958181)(116.223798,39.957935)(116.223691,39.95499)(116.218562,39.955632)"
206,中国国家图书馆,北京市,海淀区,181,8,详细 ,https://d.qianzhan.com//yuanqu/dtl/1fb83fa088980469.html,"(116.323404,39.943041)","(116.32173,39.944694)(116.32239,39.944826)(116.32225,39.946142)(116.324482,39.946315)(116.325158,39.941906)(116.324181,39.941634)(116.323076,39.94156)(116.322379,39.941643)(116.322154,39.941832)"
207,奥北科技园,北京市,海淀区,66,118,详细 ,https://d.qianzhan.com//yuanqu/dtl/a9162910c07717a7.html,"(116.376559,40.032729)","(116.374993,40.03355)(116.377439,40.033698)(116.378168,40.032006)(116.375765,40.031612)"
208,北京友谊宾馆,北京市,海淀区,137,528,详细 ,https://d.qianzhan.com//yuanqu/dtl/ca198135afe6830f.html,"(116.319524,39.962511)","(116.316745,39.964098)(116.319878,39.965257)(116.320393,39.964608)(116.321294,39.964747)(116.321713,39.963358)(116.32079,39.963144)(116.320693,39.962461)(116.317206,39.962437)(116.317228,39.963202)"
209,融科资讯中心,北京市,海淀区,102,355,详细 ,https://d.qianzhan.com//yuanqu/dtl/b50dbbd0d786f2ba.html,"(116.327145,39.982795)","(116.32472,39.985418)(116.327156,39.985516)(116.327349,39.982187)(116.326029,39.982138)(116.325954,39.983042)(116.324827,39.983009)"
210,中国科学院软件园,北京市,海淀区,72,108,详细 ,https://d.qianzhan.com//yuanqu/dtl/919d25089b9975c2.html,"(116.337874,39.979951)","(116.334393,39.981862)(116.335831,39.98199)(116.33589,39.981093)(116.336576,39.981135)(116.336619,39.980666)(116.337177,39.980699)(116.337274,39.979383)(116.335106,39.979326)"
211,中关村广场,北京市,海淀区,943,11338,详细 ,https://d.qianzhan.com//yuanqu/dtl/f7589bcfabe538ff.html,"(116.309822,39.982327)","(116.305607,39.98499)(116.316293,39.985253)(116.3167,39.97889)(116.312495,39.978799)(116.308375,39.979071)(116.306036,39.979021)"
212,金五星科技园区,北京市,海淀区,82,110,详细 ,https://d.qianzhan.com//yuanqu/dtl/bfd622a9dc119160.html,"(116.333325,39.967811)","(116.334065,39.970656)(116.335964,39.970853)(116.336286,39.967753)(116.334333,39.967794)"
213,京仪科技大厦,北京市,海淀区,55,447,详细 ,https://d.qianzhan.com//yuanqu/dtl/bf770a586662159a.html,"(116.337101,39.969694)","(116.336736,39.972719)(116.338421,39.972859)(116.338775,39.970656)(116.336962,39.970557)"
214,清华科技园,北京市,海淀区,179,2189,详细 ,https://d.qianzhan.com//yuanqu/dtl/dcc298b32f479651.html,"(116.33141,39.99215)","(116.328771,39.996062)(116.332526,39.996235)(116.332719,39.992824)(116.328996,39.992758)"
215,中关村智造大街,北京市,海淀区,105,576,详细 ,https://d.qianzhan.com//yuanqu/dtl/3a5a6c6136bb6cf6.html,"(116.334221,39.994098)","(116.335143,39.997102)(116.335229,39.994534)(116.335396,39.994517)(116.335422,39.994004)(116.334934,39.994008)(116.335025,39.992923)(116.332971,39.99291)(116.332917,39.993979)(116.332976,39.995372)(116.334162,39.996326)"
216,中关村翠湖科技园云中心,北京市,海淀区,246,5497,详细 ,https://d.qianzhan.com//yuanqu/dtl/47c97fd875edd5c3.html,"(116.158159,40.065193)","(116.153578,40.066359)(116.160659,40.066367)(116.161174,40.064331)(116.157044,40.063961)(116.153589,40.063772)"
217,中关村环保示范园,北京市,海淀区,"5,231",2265,详细 ,https://d.qianzhan.com//yuanqu/dtl/cdc4809cfa6dc367.html,"(116.173502,40.060217)","(116.161743,40.068165)(116.186505,40.068165)(116.186634,40.049245)(116.165133,40.054863)"
218,永丰产业园,北京市,海淀区,"5,408",9341,详细 ,https://d.qianzhan.com//yuanqu/dtl/f5c9f764001fa80f.html,"(116.251929,40.074282)","(116.226609,40.079585)(116.254161,40.086283)(116.263109,40.08016)(116.254204,40.076449)(116.25768,40.069848)(116.247359,40.067894)(116.243947,40.073346)(116.231008,40.069799)"
219,用友软件产业园,北京市,海淀区,"1,097",2366,详细 ,https://d.qianzhan.com//yuanqu/dtl/6fd67c4f24b74803.html,"(116.241233,40.068789)","(116.231191,40.069741)(116.243464,40.073026)(116.246683,40.067508)(116.233637,40.064487)"
220,中关村上地雅美科技园,北京市,海淀区,55,576,详细 ,https://d.qianzhan.com//yuanqu/dtl/afff032ea4c7f3ba.html,"(116.318834,40.038403)","(116.317526,40.040116)(116.319779,40.039434)(116.319736,40.038843)(116.318609,40.038535)(116.31759,40.038128)(116.316453,40.039673)"
221,中关村软件园3,北京市,海淀区,"1,935",529,详细 ,https://d.qianzhan.com//yuanqu/dtl/543227dc077433e6.html,"(116.283871,40.047052)","(116.280009,40.050518)(116.284837,40.051413)(116.2865,40.043496)(116.277713,40.042354)(116.278357,40.039529)(116.272198,40.038642)(116.269795,40.048892)"
222,中关村软件园2,北京市,海淀区,"1,288",12094,详细 ,https://d.qianzhan.com//yuanqu/dtl/7fc5b8e350942f5c.html,"(116.310972,40.045262)","(116.30107,40.046165)(116.307507,40.048399)(116.314878,40.037393)(116.306767,40.035323)(116.305114,40.039529)"
223,盈创动力科技园,北京市,海淀区,549,8799,详细 ,https://d.qianzhan.com//yuanqu/dtl/dee4b6a0fdc865dd.html,"(116.305121,40.050899)","(116.297782,40.054135)(116.300475,40.05549)(116.303179,40.056171)(116.306086,40.050431)(116.299327,40.048879)(116.298372,40.051811)"
224,中关村软件园,北京市,海淀区,"1,872",1841,详细 ,https://d.qianzhan.com//yuanqu/dtl/156d4105a5aebc44.html,"(116.292637,40.047966)","(116.284972,40.051362)(116.297546,40.054089)(116.299219,40.048833)(116.30188,40.044365)(116.296516,40.042164)(116.295486,40.045088)(116.29047,40.044254)(116.290942,40.042578)(116.286908,40.041987)"
1,气象局小区,北京市,海淀区,0,1,详细 ,https://d.qianzhan.com//yuanqu/dtl/b8d528d942785397.html,"(116.330750,39.947801)"
2,中发智造中关村智能创造创新中心,北京市,海淀区,0,1076,详细 ,https://d.qianzhan.com//yuanqu/dtl/7fb71ff9d53122d4.html,"(116.318878,39.974984)"
